top,bbr
Hops & Grain Brewing,Hops and Grain Brewery
Crazy Mountain Brewery,Crazy Mountain Brewing Company
French Broad River Brewing,French Broad Brewing Co.
Budweiser Brewing Group UK&I,Anheuser-Busch
Timothy Taylor's Brewery,Timothy Taylor & Co. Limited
Andean Brewing Company / Nap Time Liquid Creation,Andean Brewing Company
Paulaner Brauerei,Paulaner Brauerei GmbH & Co. KG
Augustiner-Bräu,Augustiner-Bräu Wagner KG
Holsten-Brauerei,Hanseatische Getränke-Industrie (HGI) Holsten-Brauerei AG
Spoetzl Brewery,Spoetzl Brewery / Shiner
Perrin Brewing Co.,Perrin Brewery
Brauerei Ladenburger,Brauerei Ladenburger GmbH
Other Half Brewing Company,Other Half Brewing Co.
Gentse Gruut Brouwerij,Gentse Stadsbrouwerij
Atlantic Brewing Company,Atlantic Brewing Company / Mainely Meat BBQ
Indeed Brewing Company - Minneapolis,Indeed Brewing Company
Big Storm Brewing Company - Odessa,Big Storm Brewing Company
Marston's Plc.,Marston's PLC
Dixie Beer,Dixie Brewing Co.
Flensburger Brauerei,Flensburger Brauerei GmbH Und Co. KG
Oettinger Brauerei GmbH,Oettinger Brauerei
Žatecký Pivovar,Žatecký Pivovar
Privatbrauerei H. Egerer,Privatbrauerei und Mineralbrunnenbetrieb H. Egerer
Kaiser Bräu,Kaiser Bräu GmbH & Co KG
Silver City Brewing Co. / Silver City Restaurant & Ale House,Silver City Brewing Co.
Prost Brewing Co. - Denver,Prost Brewing Company
Yee-Haw Brewing Co.,Yee-haw Brewing Co.
Gänstaller Braumanufaktur,Gänstaller-Bräu
Bokke,Bokkereyder
Privatbrauerei Eichbaum,Privatbrauerei Eichbaum GmbH & Co. KG
Brauerei Gebrüder Maisel,Brauerei Gebrüder Maisel GmbH & Co.
Machine House Brewery - Georgetown,Machine House Brewery
Karlovačko Pivovara,Karlovaċka Pivovara
Friesisches Brauhaus zu Jever,Friesisches Brauhaus zu Jever GmbH & Co KG
Propeller,Propeller Brewery
18th Street Brewery - Gary Taproom,18th Street Brewery
Brew Bus Brewing,The Brew Bus Terminal & Brewery
Three Notch'd Brewing Company - Charlottesville Brewery & Restaurant,Three Notch'd Brewing Company
Brouwerij 't Verzet,Brouwerij 't Verzet / Café Loca
